Workbook

Sheet Product worksheet-VLookUp
A1: Advance VlookUp and HLookUp
F2: Name:- Debkanta Nandi
A3: Worksheet 1: Products | G3: DPBA,ANP-D3870
A4: ProductID | B4: Product | C4: Category | D4: Price
A5: 101 | B5: Product A | C5: Electronics | D5: 120
A6: 102 | B6: Product B | C6: Furniture | D6: 150
A7: 103 | B7: Product C | C7: Electronics | D7: 200
A8: 104 | B8: Product D | C8: Clothing | D8: 90
A9: 105 | B9: Product E | C9: Furniture | D9: 220
A10: 106 | B10: Product F | C10: Electronics | D10: 130

Sheet Order Worksheet-VLookUp
A1: Worksheet 2: Orders
A3: OrderID | B3: ProductID | C3: Quantity
A4: 1 | B4: 101 | C4: 2
A5: 2 | B5: 103 | C5: 1
A6: 3 | B6: 105 | C6: 4
A7: 4 | B7: 106 | C7: 3
A8: 5 | B8: 102 | C8: 5
A9: 6 | B9: 104 | C9: 6
A11: 1. Use VLOOKUP to dynamically find the unit price for each ProductID in the Orders worksheet and calculate the total price.
A13: OrderID | B13: ProductID | C13: Quantity | D13: Product | E13: Unit Price | F13: Total Price
A14: 1 | B14: 101 | C14: 2 | D14: =VLOOKUP(B14,'Product worksheet-VLookUp'!A$4:D$10,2,FALSE) -> Product A | E14: =VLOOKUP($B14,'Product worksheet-VLookUp'!$A$4:$D$10,4,FALSE) -> 120 | F14: =C14*E14 -> 240
A15: 2 | B15: 103 | C15: 1 | D15: =VLOOKUP(B15,'Product worksheet-VLookUp'!A$4:D$10,2,FALSE) -> Product C | E15: =VLOOKUP($B15,'Product worksheet-VLookUp'!$A$4:$D$10,4,FALSE) -> 200 | F15: =C15*E15 -> 200
A16: 3 | B16: 105 | C16: 4 | D16: =VLOOKUP(B16,'Product worksheet-VLookUp'!A$4:D$10,2,FALSE) -> Product E | E16: =VLOOKUP($B16,'Product worksheet-VLookUp'!$A$4:$D$10,4,FALSE) -> 220 | F16: =C16*E16 -> 880
A17: 4 | B17: 106 | C17: 3 | D17: =VLOOKUP(B17,'Product worksheet-VLookUp'!A$4:D$10,2,FALSE) -> Product F | E17: =VLOOKUP($B17,'Product worksheet-VLookUp'!$A$4:$D$10,4,FALSE) -> 130 | F17: =C17*E17 -> 390
A18: 5 | B18: 102 | C18: 5 | D18: =VLOOKUP(B18,'Product worksheet-VLookUp'!A$4:D$10,2,FALSE) -> Product B | E18: =VLOOKUP($B18,'Product worksheet-VLookUp'!$A$4:$D$10,4,FALSE) -> 150 | F18: =C18*E18 -> 750
A19: 6 | B19: 104 | C19: 6 | D19: =VLOOKUP(B19,'Product worksheet-VLookUp'!A$4:D$10,2,FALSE) -> Product D | E19: =VLOOKUP($B19,'Product worksheet-VLookUp'!$A$4:$D$10,4,FALSE) -> 90 | F19: =C19*E19 -> 540
F20: =SUBTOTAL(9,F14:F19) -> 3000
A22: 2. Use nested VLOOKUP to find the category of each product in the Orders worksheet.
A24: ProductID | B24: Product
A25: 101 | B25: =VLOOKUP(VLOOKUP(A25,'Product worksheet-VLookUp'!$A$4:$D$10,2,FALSE),'Product worksheet-VLookUp'!$B$4:$D$10,2,FALSE) -> Electronics
A26: 103 | B26: =VLOOKUP(VLOOKUP(A26,'Product worksheet-VLookUp'!$A$4:$D$10,2,FALSE),'Product worksheet-VLookUp'!$B$4:$D$10,2,FALSE) -> Electronics
A27: 105 | B27: =VLOOKUP(VLOOKUP(A27,'Product worksheet-VLookUp'!$A$4:$D$10,2,FALSE),'Product worksheet-VLookUp'!$B$4:$D$10,2,FALSE) -> Furniture
A28: 106 | B28: =VLOOKUP(VLOOKUP(A28,'Product worksheet-VLookUp'!$A$4:$D$10,2,FALSE),'Product worksheet-VLookUp'!$B$4:$D$10,2,FALSE) -> Electronics
A29: 102 | B29: =VLOOKUP(VLOOKUP(A29,'Product worksheet-VLookUp'!$A$4:$D$10,2,FALSE),'Product worksheet-VLookUp'!$B$4:$D$10,2,FALSE) -> Furniture
A30: 104 | B30: =VLOOKUP(VLOOKUP(A30,'Product worksheet-VLookUp'!$A$4:$D$10,2,FALSE),'Product worksheet-VLookUp'!$B$4:$D$10,2,FALSE) -> Clothing

Sheet Worksheet-HLookUp
A1: Worksheet: MonthlySales
B3: Jan | C3: Feb | D3: Mar | E3: Apr | F3: May
A4: Product A | B4: 120 | C4: 130 | D4: 140 | E4: 150 | F4: 160
A5: Product B | B5: 150 | C5: 160 | D5: 170 | E5: 180 | F5: 190
A6: Product C | B6: 200 | C6: 210 | D6: 220 | E6: 230 | F6: 240
A7: Product D | B7: 90 | C7: 100 | D7: 110 | E7: 120 | F7: 130
A8: Product E | B8: 220 | C8: 230 | D8: 240 | E8: 250 | F8: 260
A9: Product F | B9: 130 | C9: 140 | D9: 150 | E9: 160 | F9: 170
A11: 1. Use HLOOKUP to dynamically find the sales for Product B in a specified month.
B12: Mar
A13: Product B | B13: =HLOOKUP(B12,$A$3:$F$9,3,FALSE) -> 170
